Subset,Feature,r,p_raw,p_FDR,Significant_after_FDR
All,metal_num,-0.02,0.8563,0.9116,False
All,loading_num,-0.246,0.0239,0.0876,False
All,condition_num,-0.332,0.002,0.0169,True
All,Rs_ohm,0.146,0.185,0.359,False
All,Rct_ohm,0.109,0.3248,0.5642,False
All,peak_freq_Hz,-0.114,0.3027,0.555,False
All,tau_s,0.09,0.4138,0.569,False
All,phase_min,-0.022,0.8393,0.9116,False
All,Cdl_est_F,-0.031,0.7793,0.8868,False
All,Rct_dark,-0.334,0.0019,0.0169,True
All,delta_Rct,-0.203,0.064,0.1508,False
All,Rct_ratio,-0.251,0.0213,0.0876,False
All,delta_Rs,-0.103,0.3524,0.5655,False
All,dDeltaRct_dV,0.0,0.9966,0.9966,False
All,Rct_ratio_mean,-0.288,0.0079,0.0432,True
All,delta_Rct_mean,-0.251,0.0212,0.0876,False
All,Vfb_V,0.092,0.4078,0.569,False
All,Eg_eV,0.226,0.039,0.117,False
All,E_onset_V,0.101,0.3598,0.5655,False
All,|tafel|_mV_dec,-0.759,0.0,0.0,True
All,CA_dJ_mean_mA,-0.067,0.5467,0.6939,False
All,CA_dJ_std_mA,-0.149,0.1775,0.359,False
All,CA_spike_mA,-0.095,0.3886,0.569,False
All,CA_stability,-0.334,0.0019,0.0169,True
All,TEM_mean_nm,0.057,0.6056,0.7137,False
All,TEM_std_nm,-0.077,0.4851,0.6403,False
All,XRD_gCN_tau_nm,-0.195,0.076,0.1673,False
All,XRD_gCN_layers,-0.209,0.0569,0.1508,False
All,XRD_metal_tau_nm,-0.203,0.0635,0.1508,False
All,SSPL_quenching_ratio,0.296,0.0063,0.0414,True
All,TRPL_tau_A_ns,-0.058,0.5978,0.7137,False
All,TRPL_tau_int_ns,0.007,0.9483,0.9779,False
All,UV_Eg_eV,0.226,0.039,0.117,False
Ag,loading_num,-0.46,0.0047,0.0161,True
Ag,condition_num,-0.148,0.3887,0.4147,False
Ag,Rs_ohm,0.025,0.8852,0.8852,False
Ag,Rct_ohm,0.239,0.1603,0.1973,False
Ag,peak_freq_Hz,-0.188,0.2713,0.2994,False
Ag,tau_s,0.338,0.0437,0.0778,False
Ag,phase_min,-0.25,0.1416,0.194,False
Ag,Cdl_est_F,0.205,0.2305,0.2634,False
Ag,Rct_dark,-0.248,0.1455,0.194,False
Ag,delta_Rct,-0.243,0.1526,0.1954,False
Ag,Rct_ratio,-0.451,0.0058,0.0168,True
Ag,delta_Rs,-0.127,0.4595,0.4743,False
Ag,dDeltaRct_dV,-0.327,0.0516,0.0826,False
Ag,Rct_ratio_mean,-0.464,0.0043,0.0161,True
Ag,delta_Rct_mean,-0.359,0.0316,0.0594,False
Ag,Vfb_V,0.301,0.0743,0.108,False
Ag,Eg_eV,0.375,0.0243,0.0518,False
Ag,E_onset_V,0.412,0.0125,0.0308,True
Ag,|tafel|_mV_dec,-0.865,0.0,0.0,True
Ag,CA_dJ_mean_mA,-0.371,0.026,0.0519,False
Ag,CA_dJ_std_mA,-0.522,0.0011,0.0139,True
Ag,CA_spike_mA,-0.229,0.1782,0.2112,False
Ag,CA_stability,-0.331,0.0486,0.0818,False
Ag,TEM_mean_nm,0.487,0.0026,0.0139,True
Ag,TEM_std_nm,-0.495,0.0021,0.0139,True
Ag,XRD_gCN_tau_nm,-0.458,0.005,0.0161,True
Ag,XRD_gCN_layers,-0.414,0.012,0.0308,True
Ag,XRD_metal_tau_nm,-0.492,0.0023,0.0139,True
Ag,SSPL_quenching_ratio,0.477,0.0033,0.0151,True
Ag,TRPL_tau_A_ns,0.495,0.0022,0.0139,True
Ag,TRPL_tau_int_ns,0.304,0.0716,0.108,False
Ag,UV_Eg_eV,0.375,0.0243,0.0518,False
Au,loading_num,-0.118,0.4915,0.7263,False
Au,condition_num,-0.555,0.0004,0.0071,True
Au,Rs_ohm,0.316,0.0603,0.2757,False
Au,Rct_ohm,0.127,0.4616,0.7263,False
Au,peak_freq_Hz,-0.099,0.5674,0.7263,False
Au,tau_s,0.028,0.8702,0.8702,False
Au,phase_min,-0.075,0.6621,0.8085,False
Au,Cdl_est_F,-0.202,0.2364,0.5737,False
Au,Rct_dark,-0.529,0.0009,0.0097,True
Au,delta_Rct,-0.399,0.0161,0.1028,False
Au,Rct_ratio,-0.114,0.5096,0.7263,False
Au,delta_Rs,-0.383,0.0211,0.1125,False
Au,dDeltaRct_dV,-0.197,0.2496,0.5737,False
Au,Rct_ratio_mean,-0.134,0.4342,0.7263,False
Au,delta_Rct_mean,-0.458,0.0049,0.0394,True
Au,Vfb_V,-0.15,0.3835,0.7218,False
Au,Eg_eV,-0.05,0.7719,0.8162,False
Au,E_onset_V,-0.123,0.4755,0.7263,False
Au,|tafel|_mV_dec,-0.593,0.0001,0.0045,True
Au,CA_dJ_mean_mA,0.11,0.5245,0.7263,False
Au,CA_dJ_std_mA,-0.046,0.7907,0.8162,False
Au,CA_spike_mA,0.071,0.6822,0.8085,False
Au,CA_stability,-0.202,0.2367,0.5737,False
Au,TEM_mean_nm,-0.102,0.5535,0.7263,False
Au,TEM_std_nm,0.232,0.1739,0.5737,False
Au,XRD_gCN_tau_nm,-0.182,0.2869,0.5737,False
Au,XRD_gCN_layers,-0.183,0.2853,0.5737,False
Au,XRD_metal_tau_nm,-0.22,0.1968,0.5737,False
Au,SSPL_quenching_ratio,0.064,0.7118,0.8135,False
Au,TRPL_tau_A_ns,-0.202,0.2374,0.5737,False
Au,TRPL_tau_int_ns,-0.193,0.2585,0.5737,False
Au,UV_Eg_eV,-0.05,0.7719,0.8162,False
