feature,coefficient,abs_coef
|tafel|_mV_dec,-0.4529800612080166,0.4529800612080166
condition_num,-0.13336461477097764,0.13336461477097764
XRD_gCN_layers,-0.07677368122538605,0.07677368122538605
CA_dJ_std_mA,-0.05061502697771886,0.05061502697771886
Rs_ohm,0.04157212855595446,0.04157212855595446
Rct_dark,-0.04137086794177679,0.04137086794177679
TEM_mean_nm,0.01593603451073284,0.01593603451073284
Rct_ratio_mean,-0.015185891008594207,0.015185891008594207
delta_Rct_mean,-0.014806319968452117,0.014806319968452117
