sample,metal,loading,condition,voltage,Rs_ohm,Rct_ohm,peak_freq_Hz,tau_s,phase_min,Cdl_est_F,Rct_dark,delta_Rct,Rct_ratio,delta_Rs,dDeltaRct_dV,Rct_ratio_mean,delta_Rct_mean,Vfb_V,loading_num,metal_num,condition_num,Eg_eV,CB_V_vs_RHE,VB_V_vs_RHE,E_onset_V,|tafel|_mV_dec,J_m0p6,J_m0p7,ΔJ_m0p6,%enh_m0p6,ΔJ_m0p7,%enh_m0p7,CA_J_dark_mA,CA_J_photo_mA,CA_dJ_mean_mA,CA_dJ_std_mA,CA_spike_mA,CA_stability,TEM_mean_nm,TEM_std_nm,XRD_gCN_tau_nm,XRD_gCN_layers,XRD_metal_tau_nm,SSPL_quenching_ratio,TRPL_tau_A_ns,TRPL_tau_int_ns,UV_Eg_eV
Ag0.25,Ag,0.25,410 nm,-0.6,272.2313,943.0307,19.94681,0.0079789672179108,-39.03253,8.460983526740753e-06,1286.3142,343.2835,0.7331262455160644,-167.38149999999996,11290.297749999998,0.5888456218457484,3085.6360999999997,-0.432,0.25,0,1,2.88,-0.432,2.448,-0.9,224.4,-0.241,-0.506,-0.055,29.4,-0.19,60.1,-5.400448482868756e-06,0.0018718061991869,0.0018772066476698,4.507504512655881e-05,0.00326330759134,1.0677859876409694,9.9,1.1,7.053,20.93,1.955,1.2277,3.95,17.84,2.88
Ag0.25,Ag,0.25,410 nm,-0.4,311.1086,3290.4764,7.971939,0.0199643954992499,-48.14494,6.067326755253426e-06,7344.6986,4054.2222,0.4480070019483169,16.4658,11290.297749999998,0.5888456218457484,3085.6360999999997,-0.432,0.25,0,1,2.88,-0.432,2.448,-0.9,224.4,-0.241,-0.506,-0.055,29.4,-0.19,60.1,-5.400448482868756e-06,0.0018718061991869,0.0018772066476698,4.507504512655881e-05,0.00326330759134,1.0677859876409694,9.9,1.1,7.053,20.93,1.955,1.2277,3.95,17.84,2.88
Ag0.25,Ag,0.25,410 nm,-0.2,353.6084,6861.4006,4.970838,0.0320177288199485,-63.54699,4.666354682737594e-06,11720.8032,4859.4026,0.5854036180728638,-26.791600000000017,11290.297749999998,0.5888456218457484,3085.6360999999997,-0.432,0.25,0,1,2.88,-0.432,2.448,-0.9,224.4,-0.241,-0.506,-0.055,29.4,-0.19,60.1,-5.400448482868756e-06,0.0018718061991869,0.0018772066476698,4.507504512655881e-05,0.00326330759134,1.0677859876409694,9.9,1.1,7.053,20.93,1.955,1.2277,3.95,17.84,2.88
Ag0.25,Ag,0.25,440 nm,-0.6,288.6683,794.4057,19.94681,0.0079789672179108,-37.08308,1.0043945074803469e-05,1286.3142,491.9085,0.6175829358021547,-183.81849999999997,8440.332249999996,0.6096121031728351,2576.3983666666663,-0.432,0.25,0,2,2.88,-0.432,2.448,-0.9,319.4,-0.595,-1.28,-0.409,220.1,-0.964,305.0,8.005349043263646e-05,0.0012496959639953,0.0,0.0,0.0,0.0,9.9,1.1,7.053,20.93,1.955,1.2277,3.95,17.84,2.88
Ag0.25,Ag,0.25,440 nm,-0.4,310.7896,3975.4534,4.970838,0.0320177288199485,-52.73233,8.053855899794609e-06,7344.6986,3369.2451999999994,0.5412684191016361,16.78480000000002,8440.332249999996,0.6096121031728351,2576.3983666666663,-0.432,0.25,0,2,2.88,-0.432,2.448,-0.9,319.4,-0.595,-1.28,-0.409,220.1,-0.964,305.0,8.005349043263646e-05,0.0012496959639953,0.0,0.0,0.0,0.0,9.9,1.1,7.053,20.93,1.955,1.2277,3.95,17.84,2.88
Ag0.25,Ag,0.25,440 nm,-0.2,394.2152,7852.761800000001,3.942389,0.0403701773447255,-65.29758,5.140889074812581e-06,11720.8032,3868.041399999999,0.6699849546147145,-67.39839999999998,8440.332249999996,0.6096121031728351,2576.3983666666663,-0.432,0.25,0,2,2.88,-0.432,2.448,-0.9,319.4,-0.595,-1.28,-0.409,220.1,-0.964,305.0,8.005349043263646e-05,0.0012496959639953,0.0,0.0,0.0,0.0,9.9,1.1,7.053,20.93,1.955,1.2277,3.95,17.84,2.88
Ag0.25,Ag,0.25,Dark,-0.6,104.8498,1286.3142,15.57309,0.010219869216186,-59.7944,7.945079993819615e-06,0.0,0.0,0.0,0.0,0.0,0.0,0.0,-0.432,0.25,0,0,2.88,-0.432,2.448,-0.898,258.4,-0.186,-0.316,0.0,0.0,0.0,0.0,0.0,0.0,0.0,0.0,0.0,0.0,9.9,1.1,7.053,20.93,1.955,1.2277,3.95,17.84,2.88
Ag0.25,Ag,0.25,Dark,-0.4,327.5744,7344.6986,1.001603,0.1589002260295699,-64.62217,2.1634683011984993e-05,0.0,0.0,0.0,0.0,0.0,0.0,0.0,-0.432,0.25,0,0,2.88,-0.432,2.448,-0.898,258.4,-0.186,-0.316,0.0,0.0,0.0,0.0,0.0,0.0,0.0,0.0,0.0,0.0,9.9,1.1,7.053,20.93,1.955,1.2277,3.95,17.84,2.88
Ag0.25,Ag,0.25,Dark,-0.2,326.8168,11720.8032,1.260081,0.1263053272701479,-71.76524,1.0776166540373956e-05,0.0,0.0,0.0,0.0,0.0,0.0,0.0,-0.432,0.25,0,0,2.88,-0.432,2.448,-0.898,258.4,-0.186,-0.316,0.0,0.0,0.0,0.0,0.0,0.0,0.0,0.0,0.0,0.0,9.9,1.1,7.053,20.93,1.955,1.2277,3.95,17.84,2.88
Ag0.25,Ag,0.25,Full spectrum,-0.6,97.2874,984.0176,15.57309,0.010219869216186,-58.4173,1.0385860188055664e-05,1286.3142,302.2966,0.7649900778518965,7.562399999999997,582.9722500000022,0.8358589820551225,797.6161666666668,-0.432,0.25,0,3,2.88,-0.432,2.448,-0.898,191.5,-0.215,-0.361,-0.029,15.7,-0.045,14.4,2.4028353687572585e-05,0.0006690472706155,0.0006450189169279,6.029732122504603e-05,0.0003809084975029,0.7671218834441763,9.9,1.1,7.053,20.93,1.955,1.2277,3.95,17.84,2.88
Ag0.25,Ag,0.25,Full spectrum,-0.4,355.3588,5789.6322,4.970838,0.0320177288199485,-58.25323,5.5301835615651954e-06,7344.6986,1555.0663999999997,0.7882736263677315,-27.78439999999995,582.9722500000022,0.8358589820551225,797.6161666666668,-0.432,0.25,0,3,2.88,-0.432,2.448,-0.898,191.5,-0.215,-0.361,-0.029,15.7,-0.045,14.4,2.4028353687572585e-05,0.0006690472706155,0.0006450189169279,6.029732122504603e-05,0.0003809084975029,0.7671218834441763,9.9,1.1,7.053,20.93,1.955,1.2277,3.95,17.84,2.88
Ag0.25,Ag,0.25,Full spectrum,-0.2,385.3223,11185.3177,2.485419,0.064035457639897,-67.73877,5.724956532964376e-06,11720.8032,535.4855000000007,0.9543132419457396,-58.505499999999984,582.9722500000022,0.8358589820551225,797.6161666666668,-0.432,0.25,0,3,2.88,-0.432,2.448,-0.898,191.5,-0.215,-0.361,-0.029,15.7,-0.045,14.4,2.4028353687572585e-05,0.0006690472706155,0.0006450189169279,6.029732122504603e-05,0.0003809084975029,0.7671218834441763,9.9,1.1,7.053,20.93,1.955,1.2277,3.95,17.84,2.88
Ag0.5,Ag,0.5,410 nm,-0.6,290.9154,859.4635999999999,19.94681,0.0079789672179108,-35.43586,9.283659270632058e-06,2121.3632,1261.8995999999995,0.4051468414272482,298.8994,11839.609749999998,0.5022440662135165,3200.4796666666675,-0.856,0.5,0,1,2.88,-0.856,2.024,-0.9,351.7,-0.676,-1.416,-0.36,113.9,-0.818,136.6,-2.3202016464866433e-05,0.0025389232433217,0.0025621252597865,0.0001460495479636,0.0026840651117029,0.8652467871606913,9.6,1.8,7.061,20.95,2.222,0.8833,3.8,16.32,2.88
Ag0.5,Ag,0.5,410 nm,-0.4,305.4792,3100.2978000000003,7.971939,0.0199643954992499,-47.80696,6.439508972089704e-06,5442.0937,2341.7959,0.569688427084598,419.9501,11839.609749999998,0.5022440662135165,3200.4796666666675,-0.856,0.5,0,1,2.88,-0.856,2.024,-0.9,351.7,-0.676,-1.416,-0.36,113.9,-0.818,136.6,-2.3202016464866433e-05,0.0025389232433217,0.0025621252597865,0.0001460495479636,0.0026840651117029,0.8652467871606913,9.6,1.8,7.061,20.95,2.222,0.8833,3.8,16.32,2.88
Ag0.5,Ag,0.5,410 nm,-0.2,344.0651,6815.1259,4.970838,0.0320177288199485,-63.12319,4.6980392277050286e-06,12812.8694,5997.743500000001,0.5318969301287032,190.6755,11839.609749999998,0.5022440662135165,3200.4796666666675,-0.856,0.5,0,1,2.88,-0.856,2.024,-0.9,351.7,-0.676,-1.416,-0.36,113.9,-0.818,136.6,-2.3202016464866433e-05,0.0025389232433217,0.0025621252597865,0.0001460495479636,0.0026840651117029,0.8652467871606913,9.6,1.8,7.061,20.95,2.222,0.8833,3.8,16.32,2.88
Ag0.5,Ag,0.5,440 nm,-0.6,455.2919,1106.2441,19.94681,0.0079789672179108,-31.45391,7.212664201247084e-06,2121.3632,1015.1190999999995,0.5214779345658491,134.5229,15528.190999999995,0.5009729023171726,3571.765066666667,-0.856,0.5,0,2,2.88,-0.856,2.024,-0.9,288.4,-0.601,-1.183,-0.285,90.0,-0.585,97.7,3.535536963704994e-05,0.0025163137921022,0.0024809584224651,0.0002742194737846,0.0027812553446486,0.7374417919093662,9.6,1.8,7.061,20.95,2.222,0.8833,3.8,16.32,2.88
Ag0.5,Ag,0.5,440 nm,-0.4,472.1779,2968.3131,9.91015,0.0160597915361417,-41.32473,5.4104102212606105e-06,5442.0937,2473.7806000000005,0.5454358678168293,253.2514,15528.190999999995,0.5009729023171726,3571.765066666667,-0.856,0.5,0,2,2.88,-0.856,2.024,-0.9,288.4,-0.601,-1.183,-0.285,90.0,-0.585,97.7,3.535536963704994e-05,0.0025163137921022,0.0024809584224651,0.0002742194737846,0.0027812553446486,0.7374417919093662,9.6,1.8,7.061,20.95,2.222,0.8833,3.8,16.32,2.88
Ag0.5,Ag,0.5,440 nm,-0.2,506.4521,5586.473900000001,6.351626,0.0250573543045348,-56.22568,4.485361384134422e-06,12812.8694,7226.3955,0.4360049045688392,28.2885,15528.190999999995,0.5009729023171726,3571.765066666667,-0.856,0.5,0,2,2.88,-0.856,2.024,-0.9,288.4,-0.601,-1.183,-0.285,90.0,-0.585,97.7,3.535536963704994e-05,0.0025163137921022,0.0024809584224651,0.0002742194737846,0.0027812553446486,0.7374417919093662,9.6,1.8,7.061,20.95,2.222,0.8833,3.8,16.32,2.88
Ag0.5,Ag,0.5,Dark,-0.6,589.8148,2121.3632,9.91015,0.0160597915361417,-38.44868,7.570505388300207e-06,0.0,0.0,0.0,0.0,0.0,0.0,0.0,-0.856,0.5,0,0,2.88,-0.856,2.024,-0.9,290.5,-0.316,-0.599,0.0,0.0,0.0,0.0,0.0,0.0,0.0,0.0,0.0,0.0,9.6,1.8,7.061,20.95,2.222,0.8833,3.8,16.32,2.88
Ag0.5,Ag,0.5,Dark,-0.4,725.4293,5442.0937,4.970838,0.0320177288199485,-45.36047,5.88334758366041e-06,0.0,0.0,0.0,0.0,0.0,0.0,0.0,-0.856,0.5,0,0,2.88,-0.856,2.024,-0.9,290.5,-0.316,-0.599,0.0,0.0,0.0,0.0,0.0,0.0,0.0,0.0,0.0,0.0,9.6,1.8,7.061,20.95,2.222,0.8833,3.8,16.32,2.88
Ag0.5,Ag,0.5,Dark,-0.2,534.7406,12812.8694,1.605308,0.0991429327530264,-66.55429,7.737761906246107e-06,0.0,0.0,0.0,0.0,0.0,0.0,0.0,-0.856,0.5,0,0,2.88,-0.856,2.024,-0.9,290.5,-0.316,-0.599,0.0,0.0,0.0,0.0,0.0,0.0,0.0,0.0,0.0,0.0,9.6,1.8,7.061,20.95,2.222,0.8833,3.8,16.32,2.88
Ag0.5,Ag,0.5,Full spectrum,-0.6,213.2842,1323.0588,12.40079,0.0128342583893361,-45.54857,9.70044444686518e-06,2121.3632,798.3043999999998,0.6236832994934579,376.5306,13185.949999999995,0.6337343689115951,2741.1676000000007,-0.856,0.5,0,3,2.88,-0.856,2.024,-0.898,253.1,-0.481,-0.859,-0.165,52.0,-0.261,43.5,1.6213987494192796e-05,0.0006716013066202,0.000655387319126,8.152146962608176e-05,0.0005333425601248,0.6677807386258088,9.6,1.8,7.061,20.95,2.222,0.8833,3.8,16.32,2.88
Ag0.5,Ag,0.5,Full spectrum,-0.4,223.3213,4089.5797,1.001603,0.1589002260295699,-54.75223,3.8854903849794134e-05,5442.0937,1352.5140000000006,0.7514717543360195,502.108,13185.949999999995,0.6337343689115951,2741.1676000000007,-0.856,0.5,0,3,2.88,-0.856,2.024,-0.898,253.1,-0.481,-0.859,-0.165,52.0,-0.261,43.5,1.6213987494192796e-05,0.0006716013066202,0.000655387319126,8.152146962608176e-05,0.0005333425601248,0.6677807386258088,9.6,1.8,7.061,20.95,2.222,0.8833,3.8,16.32,2.88
Ag0.5,Ag,0.5,Full spectrum,-0.2,237.189,6740.1849999999995,3.942389,0.0403701773447255,-64.48314,5.9894761560291865e-06,12812.8694,6072.684400000002,0.5260480529053078,297.5516,13185.949999999995,0.6337343689115951,2741.1676000000007,-0.856,0.5,0,3,2.88,-0.856,2.024,-0.898,253.1,-0.481,-0.859,-0.165,52.0,-0.261,43.5,1.6213987494192796e-05,0.0006716013066202,0.000655387319126,8.152146962608176e-05,0.0005333425601248,0.6677807386258088,9.6,1.8,7.061,20.95,2.222,0.8833,3.8,16.32,2.88
Ag1,Ag,1,410 nm,-0.6,254.9524,947.8156,19.94681,0.0079789672179108,-39.65627,8.418269564154464e-06,1073.2242,125.40860000000008,0.8831478082585167,6.920399999999972,4424.393999999998,0.7766962275943573,1238.8419333333334,-0.622,1.0,0,1,2.84,-0.622,2.218,-0.9,429.8,-0.983,-2.123,-0.688,233.8,-1.562,278.7,4.6231039821428576e-05,0.0011373547909407,0.0010911237511193,0.0001295265120169,0.0010125308649404,0.8569164617223862,9.3,2.2,7.078,21.07,2.302,0.4148,3.74,17.15,2.84
Ag1,Ag,1,410 nm,-0.4,262.2505,3359.4694999999997,6.351626,0.0250573543045348,-51.71867,7.458723558744864e-06,5055.4205,1695.9510000000005,0.6645282029457291,-1.6299999999999957,4424.393999999998,0.7766962275943573,1238.8419333333334,-0.622,1.0,0,1,2.84,-0.622,2.218,-0.9,429.8,-0.983,-2.123,-0.688,233.8,-1.562,278.7,4.6231039821428576e-05,0.0011373547909407,0.0010911237511193,0.0001295265120169,0.0010125308649404,0.8569164617223862,9.3,2.2,7.078,21.07,2.302,0.4148,3.74,17.15,2.84
Ag1,Ag,1,410 nm,-0.2,310.1945,6814.744500000001,3.942389,0.0403701773447255,-65.85274,5.9239458419498465e-06,8709.9107,1895.1661999999997,0.7824126715788258,-53.42720000000003,4424.393999999998,0.7766962275943573,1238.8419333333334,-0.622,1.0,0,1,2.84,-0.622,2.218,-0.9,429.8,-0.983,-2.123,-0.688,233.8,-1.562,278.7,4.6231039821428576e-05,0.0011373547909407,0.0010911237511193,0.0001295265120169,0.0010125308649404,0.8569164617223862,9.3,2.2,7.078,21.07,2.302,0.4148,3.74,17.15,2.84
Ag1,Ag,1,440 nm,-0.6,359.5551,894.8779,24.93351,0.0063831744143482,-33.81913,7.133011569900446e-06,1073.2242,178.34630000000016,0.8338219544434423,-97.6823,-420.9192499999987,0.9031061680323486,270.65013333333354,-0.622,1.0,0,2,2.84,-0.622,2.218,-0.9,284.5,-0.504,-1.086,-0.209,71.1,-0.526,93.8,6.984343924216028e-05,0.0010978746660859,0.0010280312268437,0.0001946630169385,0.0010050541798054,0.6082106102535394,9.3,2.2,7.078,21.07,2.302,0.4148,3.74,17.15,2.84
Ag1,Ag,1,440 nm,-0.4,371.169,4431.795,3.16723,0.050250516410837,-51.43433,1.133863737172794e-05,5055.4205,623.6255000000001,0.8766422100792605,-110.5485,-420.9192499999987,0.9031061680323486,270.65013333333354,-0.622,1.0,0,2,2.84,-0.622,2.218,-0.9,284.5,-0.504,-1.086,-0.209,71.1,-0.526,93.8,6.984343924216028e-05,0.0010978746660859,0.0010280312268437,0.0001946630169385,0.0010050541798054,0.6082106102535394,9.3,2.2,7.078,21.07,2.302,0.4148,3.74,17.15,2.84
Ag1,Ag,1,440 nm,-0.2,400.0949,8699.9321,3.16723,0.050250516410837,-65.31726,5.775966505627902e-06,8709.9107,9.97860000000037,0.9988543395743426,-143.32760000000002,-420.9192499999987,0.9031061680323486,270.65013333333354,-0.622,1.0,0,2,2.84,-0.622,2.218,-0.9,284.5,-0.504,-1.086,-0.209,71.1,-0.526,93.8,6.984343924216028e-05,0.0010978746660859,0.0010280312268437,0.0001946630169385,0.0010050541798054,0.6082106102535394,9.3,2.2,7.078,21.07,2.302,0.4148,3.74,17.15,2.84
Ag1,Ag,1,Dark,-0.6,261.8728,1073.2242,15.57309,0.010219869216186,-40.3614,9.522585510265314e-06,0.0,0.0,0.0,0.0,0.0,0.0,0.0,-0.622,1.0,0,0,2.84,-0.622,2.218,-0.9,311.4,-0.294,-0.561,0.0,0.0,0.0,0.0,0.0,0.0,0.0,0.0,0.0,0.0,9.3,2.2,7.078,21.07,2.302,0.4148,3.74,17.15,2.84
Ag1,Ag,1,Dark,-0.4,260.6205,5055.4205,1.605308,0.0991429327530264,-56.02743,1.9611213894675313e-05,0.0,0.0,0.0,0.0,0.0,0.0,0.0,-0.622,1.0,0,0,2.84,-0.622,2.218,-0.9,311.4,-0.294,-0.561,0.0,0.0,0.0,0.0,0.0,0.0,0.0,0.0,0.0,0.0,9.3,2.2,7.078,21.07,2.302,0.4148,3.74,17.15,2.84
Ag1,Ag,1,Dark,-0.2,256.7673,8709.9107,1.001603,0.1589002260295699,-66.30267,1.824361138737851e-05,0.0,0.0,0.0,0.0,0.0,0.0,0.0,-0.622,1.0,0,0,2.84,-0.622,2.218,-0.9,311.4,-0.294,-0.561,0.0,0.0,0.0,0.0,0.0,0.0,0.0,0.0,0.0,0.0,9.3,2.2,7.078,21.07,2.302,0.4148,3.74,17.15,2.84
Ag1,Ag,1,Full spectrum,-0.6,239.424,605.6268,24.93351,0.0063831744143482,-30.28897,1.0539781948797864e-05,1073.2242,467.5974000000001,0.5643059483749994,22.448799999999977,4622.85275,0.5688337788910541,1925.4046,-0.622,1.0,0,3,2.84,-0.622,2.218,-0.898,318.4,-0.518,-1.086,-0.223,75.7,-0.525,93.6,0.0001409318060394,0.0006835655052264,0.0005426336991869,0.0001182194478917,0.0005059824796747,0.5384228274381018,9.3,2.2,7.078,21.07,2.302,0.4148,3.74,17.15,2.84
Ag1,Ag,1,Full spectrum,-0.4,242.9784,2063.5426,9.91015,0.0160597915361417,-48.29269,7.782631449499403e-06,5055.4205,2991.8779,0.4081841658868931,17.6421,4622.85275,0.5688337788910541,1925.4046,-0.622,1.0,0,3,2.84,-0.622,2.218,-0.898,318.4,-0.518,-1.086,-0.223,75.7,-0.525,93.6,0.0001409318060394,0.0006835655052264,0.0005426336991869,0.0001182194478917,0.0005059824796747,0.5384228274381018,9.3,2.2,7.078,21.07,2.302,0.4148,3.74,17.15,2.84
Ag1,Ag,1,Full spectrum,-0.2,260.7168,6393.1722,3.16723,0.050250516410837,-62.91267,7.860028611592383e-06,8709.9107,2316.7385000000004,0.7340112224112699,-3.949500000000001,4622.85275,0.5688337788910541,1925.4046,-0.622,1.0,0,3,2.84,-0.622,2.218,-0.898,318.4,-0.518,-1.086,-0.223,75.7,-0.525,93.6,0.0001409318060394,0.0006835655052264,0.0005426336991869,0.0001182194478917,0.0005059824796747,0.5384228274381018,9.3,2.2,7.078,21.07,2.302,0.4148,3.74,17.15,2.84
Au0.25,Au,0.25,410 nm,-0.6,85.87664,651.67696,24.93351,0.0063831744143482,-54.7995,9.79499783811325e-06,2605.04446,1953.3675,0.2501596306728676,7.09490000000001,-5496.514499999997,0.7142122606492555,845.8397233333332,-1.06,0.25,1,1,2.86,-1.06,1.7999999999999998,-0.9,231.6,-0.286,-0.605,0.047,-14.0,0.045,-7.0,0.0002178238280473,0.0071843340592334,0.0069665102311861,0.0006363086833024,0.0051640392671907,1.2029098586774294,2.7,0.8,6.972,20.75,2.836,0.843,3.97,17.24,2.86
Au0.25,Au,0.25,410 nm,-0.4,88.92297,5441.18203,1.260081,0.1263053272701479,-69.78014,2.321284724050079e-05,6270.572,829.3899700000002,0.867732964393041,7.572029999999998,-5496.514499999997,0.7142122606492555,845.8397233333332,-1.06,0.25,1,1,2.86,-1.06,1.7999999999999998,-0.9,231.6,-0.286,-0.605,0.047,-14.0,0.045,-7.0,0.0002178238280473,0.0071843340592334,0.0069665102311861,0.0006363086833024,0.0051640392671907,1.2029098586774294,2.7,0.8,6.972,20.75,2.836,0.843,3.97,17.24,2.86
Au0.25,Au,0.25,410 nm,-0.2,105.4857,10156.1843,1.605308,0.0991429327530264,-76.10934,9.761828834971656e-06,9910.946,-245.2383000000009,1.024744186881858,12.008300000000006,-5496.514499999997,0.7142122606492555,845.8397233333332,-1.06,0.25,1,1,2.86,-1.06,1.7999999999999998,-0.9,231.6,-0.286,-0.605,0.047,-14.0,0.045,-7.0,0.0002178238280473,0.0071843340592334,0.0069665102311861,0.0006363086833024,0.0051640392671907,1.2029098586774294,2.7,0.8,6.972,20.75,2.836,0.843,3.97,17.24,2.86
Au0.25,Au,0.25,440 nm,-0.6,78.54697,854.10883,19.94681,0.0079789672179108,-58.98243,9.341862462551523e-06,2605.04446,1750.93563,0.3278672756318331,14.424570000000005,-4974.555574999997,0.7019985538088376,1018.1508333333336,-1.06,0.25,1,2,2.86,-1.06,1.7999999999999998,-0.9,337.6,-1.253,-2.491,-0.92,276.8,-1.841,283.3,0.0005461395147938,0.0035440683943089,0.0,0.0,0.0,0.0,2.7,0.8,6.972,20.75,2.836,0.843,3.97,17.24,2.86
Au0.25,Au,0.25,440 nm,-0.4,81.42747,4728.16853,1.260081,0.1263053272701479,-69.67497,2.6713372518079e-05,6270.572,1542.4034700000002,0.7540250761812479,15.067530000000003,-4974.555574999997,0.7019985538088376,1018.1508333333336,-1.06,0.25,1,2,2.86,-1.06,1.7999999999999998,-0.9,337.6,-1.253,-2.491,-0.92,276.8,-1.841,283.3,0.0005461395147938,0.0035440683943089,0.0,0.0,0.0,0.0,2.7,0.8,6.972,20.75,2.836,0.843,3.97,17.24,2.86
Au0.25,Au,0.25,440 nm,-0.2,156.6374,10149.8326,1.971194,0.0807403751695141,-75.22245,7.954847961681082e-06,9910.946,-238.88659999999985,1.0241033096134315,-39.143400000000014,-4974.555574999997,0.7019985538088376,1018.1508333333336,-1.06,0.25,1,2,2.86,-1.06,1.7999999999999998,-0.9,337.6,-1.253,-2.491,-0.92,276.8,-1.841,283.3,0.0005461395147938,0.0035440683943089,0.0,0.0,0.0,0.0,2.7,0.8,6.972,20.75,2.836,0.843,3.97,17.24,2.86
Au0.25,Au,0.25,Dark,-0.6,92.97154,2605.04446,6.351626,0.0250573543045348,-64.46053,9.61878182475812e-06,0.0,0.0,0.0,0.0,0.0,0.0,0.0,-1.06,0.25,1,0,2.86,-1.06,1.7999999999999998,-0.9,296.0,-0.332,-0.65,0.0,0.0,0.0,0.0,0.0,0.0,0.0,0.0,0.0,0.0,2.7,0.8,6.972,20.75,2.836,0.843,3.97,17.24,2.86
Au0.25,Au,0.25,Dark,-0.4,96.495,6270.572,1.001603,0.1589002260295699,-70.19409,2.5340626984200152e-05,0.0,0.0,0.0,0.0,0.0,0.0,0.0,-1.06,0.25,1,0,2.86,-1.06,1.7999999999999998,-0.9,296.0,-0.332,-0.65,0.0,0.0,0.0,0.0,0.0,0.0,0.0,0.0,0.0,0.0,2.7,0.8,6.972,20.75,2.836,0.843,3.97,17.24,2.86
Au0.25,Au,0.25,Dark,-0.2,117.494,9910.946,2.485419,0.064035457639897,-74.00761,6.461084304151902e-06,0.0,0.0,0.0,0.0,0.0,0.0,0.0,-1.06,0.25,1,0,2.86,-1.06,1.7999999999999998,-0.9,296.0,-0.332,-0.65,0.0,0.0,0.0,0.0,0.0,0.0,0.0,0.0,0.0,0.0,2.7,0.8,6.972,20.75,2.836,0.843,3.97,17.24,2.86
Au0.25,Au,0.25,Full spectrum,-0.6,109.9746,1005.2844,15.57309,0.010219869216186,-52.92073,1.0166147227775627e-05,2605.04446,1599.76006,0.3858991335602771,-17.00305999999999,204.70584999999795,0.6272034315707801,1793.2069866666668,-1.06,0.25,1,3,2.86,-1.06,1.7999999999999998,-0.898,337.1,-0.577,-1.166,-0.244,73.5,-0.516,79.4,5.7460520325203234e-05,0.0005890831300813,0.000531622609756,3.7203049536261414e-05,0.0004248918606271,1.1024651089234176,2.7,0.8,6.972,20.75,2.836,0.843,3.97,17.24,2.86
Au0.25,Au,0.25,Full spectrum,-0.4,125.1805,4172.353499999999,3.942389,0.0403701773447255,-65.26286,9.67563686651325e-06,6270.572,2098.218500000001,0.6653864272669222,-28.68549999999999,204.70584999999795,0.6272034315707801,1793.2069866666668,-1.06,0.25,1,3,2.86,-1.06,1.7999999999999998,-0.898,337.1,-0.577,-1.166,-0.244,73.5,-0.516,79.4,5.7460520325203234e-05,0.0005890831300813,0.000531622609756,3.7203049536261414e-05,0.0004248918606271,1.1024651089234176,2.7,0.8,6.972,20.75,2.836,0.843,3.97,17.24,2.86
Au0.25,Au,0.25,Full spectrum,-0.2,171.8224,8229.303600000001,1.001603,0.1589002260295699,-71.79528,1.9309073252513116e-05,9910.946,1681.6423999999988,0.8303247338851408,-54.32839999999999,204.70584999999795,0.6272034315707801,1793.2069866666668,-1.06,0.25,1,3,2.86,-1.06,1.7999999999999998,-0.898,337.1,-0.577,-1.166,-0.244,73.5,-0.516,79.4,5.7460520325203234e-05,0.0005890831300813,0.000531622609756,3.7203049536261414e-05,0.0004248918606271,1.1024651089234176,2.7,0.8,6.972,20.75,2.836,0.843,3.97,17.24,2.86
Au0.5,Au,0.5,410 nm,-0.6,86.02449,822.85111,19.94681,0.0079789672179108,-56.96269,9.69673264208248e-06,1638.8114,815.9602900000001,0.5021023834713377,4.623109999999997,-15144.090974999992,1.5224184196945296,-2237.2811599999995,-0.931,0.5,1,1,2.85,-0.931,1.919,-0.9,230.2,-0.247,-0.548,0.011,-4.3,-0.036,7.0,1.1397254079558651e-05,0.0031838761324041,0.0031724788783246,0.0002613846986204,0.0033878646506823,0.7986897889648057,3.3,1.1,6.97,20.74,2.289,0.6966,3.51,16.47,2.85
Au0.5,Au,0.5,410 nm,-0.4,92.93806,5120.53994,3.942389,0.0403701773447255,-69.35117,7.883968842693098e-06,2834.41227,-2286.12767,1.8065614498627611,0.2876700000000056,-15144.090974999992,1.5224184196945296,-2237.2811599999995,-0.931,0.5,1,1,2.85,-0.931,1.919,-0.9,230.2,-0.247,-0.548,0.011,-4.3,-0.036,7.0,1.1397254079558651e-05,0.0031838761324041,0.0031724788783246,0.0002613846986204,0.0033878646506823,0.7986897889648057,3.3,1.1,6.97,20.74,2.289,0.6966,3.51,16.47,2.85
Au0.5,Au,0.5,410 nm,-0.2,246.8777,9406.3923,2.485419,0.064035457639897,-70.79609,6.807653306134924e-06,4164.716200000001,-5241.676099999999,2.25859142574949,-112.4179,-15144.090974999992,1.5224184196945296,-2237.2811599999995,-0.931,0.5,1,1,2.85,-0.931,1.919,-0.9,230.2,-0.247,-0.548,0.011,-4.3,-0.036,7.0,1.1397254079558651e-05,0.0031838761324041,0.0031724788783246,0.0002613846986204,0.0033878646506823,0.7986897889648057,3.3,1.1,6.97,20.74,2.289,0.6966,3.51,16.47,2.85
Au0.5,Au,0.5,440 nm,-0.6,58.06505,175.99275,38.10976,0.0041762252790858,-40.31798,2.3729530216931463e-05,1638.8114,1462.8186500000002,0.1073904843473751,32.58255,-7271.807799999992,0.8118597312377069,23.580723333333935,-0.931,0.5,1,2,2.85,-0.931,1.919,-0.898,288.6,-0.887,-1.726,-0.629,244.3,-1.214,236.8,0.0004178084344298,0.0024961946718931,0.0020783862374632,0.0009159817028642,0.0026051719227129,1.0792395018561851,3.3,1.1,6.97,20.74,2.289,0.6966,3.51,16.47,2.85
Au0.5,Au,0.5,440 nm,-0.4,61.28072,2780.5842799999996,3.16723,0.050250516410837,-66.95554,1.8071927102614937e-05,2834.41227,53.82799000000023,0.9810091176327004,31.945009999999996,-7271.807799999992,0.8118597312377069,23.580723333333935,-0.931,0.5,1,2,2.85,-0.931,1.919,-0.898,288.6,-0.887,-1.726,-0.629,244.3,-1.214,236.8,0.0004178084344298,0.0024961946718931,0.0020783862374632,0.0009159817028642,0.0026051719227129,1.0792395018561851,3.3,1.1,6.97,20.74,2.289,0.6966,3.51,16.47,2.85
Au0.5,Au,0.5,440 nm,-0.2,85.58733,5610.620669999999,2.485419,0.064035457639897,-72.74546,1.141325735712179e-05,4164.716200000001,-1445.9044699999986,1.347179591733045,48.87247000000001,-7271.807799999992,0.8118597312377069,23.580723333333935,-0.931,0.5,1,2,2.85,-0.931,1.919,-0.898,288.6,-0.887,-1.726,-0.629,244.3,-1.214,236.8,0.0004178084344298,0.0024961946718931,0.0020783862374632,0.0009159817028642,0.0026051719227129,1.0792395018561851,3.3,1.1,6.97,20.74,2.289,0.6966,3.51,16.47,2.85
Au0.5,Au,0.5,Dark,-0.6,90.6476,1638.8114,12.40079,0.0128342583893361,-60.20422,7.831443196780367e-06,0.0,0.0,0.0,0.0,0.0,0.0,0.0,-0.931,0.5,1,0,2.85,-0.931,1.919,-0.898,283.9,-0.258,-0.513,0.0,0.0,0.0,0.0,0.0,0.0,0.0,0.0,0.0,0.0,3.3,1.1,6.97,20.74,2.289,0.6966,3.51,16.47,2.85
Au0.5,Au,0.5,Dark,-0.4,93.22573,2834.41227,7.971939,0.0199643954992499,-65.36874,7.0435750333701375e-06,0.0,0.0,0.0,0.0,0.0,0.0,0.0,-0.931,0.5,1,0,2.85,-0.931,1.919,-0.898,283.9,-0.258,-0.513,0.0,0.0,0.0,0.0,0.0,0.0,0.0,0.0,0.0,0.0,3.3,1.1,6.97,20.74,2.289,0.6966,3.51,16.47,2.85
Au0.5,Au,0.5,Dark,-0.2,134.4598,4164.716200000001,7.971939,0.0199643954992499,-68.17011,4.793698907803123e-06,0.0,0.0,0.0,0.0,0.0,0.0,0.0,-0.931,0.5,1,0,2.85,-0.931,1.919,-0.898,283.9,-0.258,-0.513,0.0,0.0,0.0,0.0,0.0,0.0,0.0,0.0,0.0,0.0,3.3,1.1,6.97,20.74,2.289,0.6966,3.51,16.47,2.85
Au0.5,Au,0.5,Full spectrum,-0.6,106.3353,1803.5287,9.91015,0.0160597915361417,-62.33348,8.90464983237681e-06,1638.8114,-164.71730000000002,1.1005102234460902,-15.687700000000008,-13994.00574999999,1.792074328761337,-2818.54661,-0.931,0.5,1,3,2.85,-0.931,1.919,-0.898,279.0,-0.529,-1.012,-0.272,105.5,-0.499,97.3,7.593749060685248e-07,0.0007491587253193,0.0007483993504133,5.802811253788368e-05,0.0006335668155701,0.7972403213235896,3.3,1.1,6.97,20.74,2.289,0.6966,3.51,16.47,2.85
Au0.5,Au,0.5,Full spectrum,-0.4,119.4148,5363.015200000001,1.001603,0.1589002260295699,-69.57124,2.962889719752611e-05,2834.41227,-2528.602930000001,1.892108377021668,-26.18907,-13994.00574999999,1.792074328761337,-2818.54661,-0.931,0.5,1,3,2.85,-0.931,1.919,-0.898,279.0,-0.529,-1.012,-0.272,105.5,-0.499,97.3,7.593749060685248e-07,0.0007491587253193,0.0007483993504133,5.802811253788368e-05,0.0006335668155701,0.7972403213235896,3.3,1.1,6.97,20.74,2.289,0.6966,3.51,16.47,2.85
Au0.5,Au,0.5,Full spectrum,-0.2,172.0542,9927.0358,2.485419,0.064035457639897,-73.83023,6.450612139415985e-06,4164.716200000001,-5762.319599999999,2.383604385816253,-37.59440000000001,-13994.00574999999,1.792074328761337,-2818.54661,-0.931,0.5,1,3,2.85,-0.931,1.919,-0.898,279.0,-0.529,-1.012,-0.272,105.5,-0.499,97.3,7.593749060685248e-07,0.0007491587253193,0.0007483993504133,5.802811253788368e-05,0.0006335668155701,0.7972403213235896,3.3,1.1,6.97,20.74,2.289,0.6966,3.51,16.47,2.85
Au1,Au,1,410 nm,-0.6,84.33635,642.47185,19.94681,0.0079789672179108,-53.38929,1.2419170144047247e-05,3315.1964000000003,2672.7245500000004,0.1937960146192243,43.84525000000001,3353.794124999999,0.4941506516642659,3301.282336666667,-0.38,1.0,1,1,2.85,-0.38,2.47,-0.9,421.7,-0.982,-2.098,-0.874,806.6,-1.933,1172.6,7.521280328106853e-05,0.0027643023519163,0.0026890895486353,9.632335765130808e-05,0.0023039348157665,0.9973038716501929,4.2,0.8,7.341,21.78,2.761,0.5746,3.84,16.98,2.85
Au1,Au,1,410 nm,-0.4,87.82856,4674.57744,2.485419,0.064035457639897,-68.89091,1.3698662277353796e-05,7891.4577,3216.88026,0.5923591835257509,49.77774000000001,3353.794124999999,0.4941506516642659,3301.282336666667,-0.38,1.0,1,1,2.85,-0.38,2.47,-0.9,421.7,-0.982,-2.098,-0.874,806.6,-1.933,1172.6,7.521280328106853e-05,0.0027643023519163,0.0026890895486353,9.632335765130808e-05,0.0023039348157665,0.9973038716501929,4.2,0.8,7.341,21.78,2.761,0.5746,3.84,16.98,2.85
Au1,Au,1,410 nm,-0.2,136.9554,9203.4046,1.971194,0.0807403751695141,-72.16907,8.77288119762921e-06,13217.6468,4014.2422000000006,0.6962967568478226,56.59780000000001,3353.794124999999,0.4941506516642659,3301.282336666667,-0.38,1.0,1,1,2.85,-0.38,2.47,-0.9,421.7,-0.982,-2.098,-0.874,806.6,-1.933,1172.6,7.521280328106853e-05,0.0027643023519163,0.0026890895486353,9.632335765130808e-05,0.0023039348157665,0.9973038716501929,4.2,0.8,7.341,21.78,2.761,0.5746,3.84,16.98,2.85
Au1,Au,1,440 nm,-0.6,54.3005,199.1781,38.10976,0.0041762252790858,-41.79074,2.096729147976542e-05,3315.1964000000003,3116.0183,0.0600803318922522,73.8811,8758.441475000003,0.2703622635842985,5213.250813333333,-0.38,1.0,1,2,2.85,-0.38,2.47,-0.898,234.3,-0.585,-1.311,-0.477,440.4,-1.146,695.1,4.9008084291521485e-05,0.0023767402729384,0.0023277321886469,6.045234532023317e-05,0.0026144294157084,1.0328862803907657,4.2,0.8,7.341,21.78,2.761,0.5746,3.84,16.98,2.85
Au1,Au,1,440 nm,-0.4,57.50555,1987.11845,7.971939,0.0199643954992499,-64.10339,1.0046907621058007e-05,7891.4577,5904.33925,0.2518062600779067,80.10075,8758.441475000003,0.2703622635842985,5213.250813333333,-0.38,1.0,1,2,2.85,-0.38,2.47,-0.898,234.3,-0.585,-1.311,-0.477,440.4,-1.146,695.1,4.9008084291521485e-05,0.0023767402729384,0.0023277321886469,6.045234532023317e-05,0.0026144294157084,1.0328862803907657,4.2,0.8,7.341,21.78,2.761,0.5746,3.84,16.98,2.85
Au1,Au,1,440 nm,-0.2,68.55209,6598.25191,1.001603,0.1589002260295699,-73.72634,2.408217027736517e-05,13217.6468,6619.3948900000005,0.4992001987827364,125.00111,8758.441475000003,0.2703622635842985,5213.250813333333,-0.38,1.0,1,2,2.85,-0.38,2.47,-0.898,234.3,-0.585,-1.311,-0.477,440.4,-1.146,695.1,4.9008084291521485e-05,0.0023767402729384,0.0023277321886469,6.045234532023317e-05,0.0026144294157084,1.0328862803907657,4.2,0.8,7.341,21.78,2.761,0.5746,3.84,16.98,2.85
Au1,Au,1,Dark,-0.6,128.1816,3315.1964000000003,4.970838,0.0320177288199485,-65.27749,9.657867877736756e-06,0.0,0.0,0.0,0.0,0.0,0.0,0.0,-0.38,1.0,1,0,2.85,-0.38,2.47,-0.9,213.9,-0.108,-0.165,0.0,0.0,0.0,0.0,0.0,0.0,0.0,0.0,0.0,0.0,4.2,0.8,7.341,21.78,2.761,0.5746,3.84,16.98,2.85
Au1,Au,1,Dark,-0.4,137.6063,7891.4577,1.605308,0.0991429327530264,-70.84399,1.2563323092136253e-05,0.0,0.0,0.0,0.0,0.0,0.0,0.0,-0.38,1.0,1,0,2.85,-0.38,2.47,-0.9,213.9,-0.108,-0.165,0.0,0.0,0.0,0.0,0.0,0.0,0.0,0.0,0.0,0.0,4.2,0.8,7.341,21.78,2.761,0.5746,3.84,16.98,2.85
Au1,Au,1,Dark,-0.2,193.5532,13217.6468,1.605308,0.0991429327530264,-73.76424,7.500800577681228e-06,0.0,0.0,0.0,0.0,0.0,0.0,0.0,-0.38,1.0,1,0,2.85,-0.38,2.47,-0.9,213.9,-0.108,-0.165,0.0,0.0,0.0,0.0,0.0,0.0,0.0,0.0,0.0,0.0,4.2,0.8,7.341,21.78,2.761,0.5746,3.84,16.98,2.85
Au1,Au,1,Full spectrum,-0.6,84.75039,1851.84961,6.351626,0.0250573543045348,-64.71722,1.3530987705062523e-05,3315.1964000000003,1463.3467900000005,0.5585942389416204,43.43121000000001,3605.7197750000023,0.6350925549003162,2596.607603333334,-0.38,1.0,1,3,2.85,-0.38,2.47,-0.898,234.1,-0.971,-1.858,-0.863,796.4,-1.693,1027.1,3.025844134727061e-05,0.000625719250871,0.0005954608095238,7.388688787176416e-05,0.0005188094157955,0.7364008093029828,4.2,0.8,7.341,21.78,2.761,0.5746,3.84,16.98,2.85
Au1,Au,1,Full spectrum,-0.4,87.28162,4470.61638,3.942389,0.0403701773447255,-69.86617,9.030114398839468e-06,7891.4577,3420.8413199999995,0.5665133806647662,50.32468,3605.7197750000023,0.6350925549003162,2596.607603333334,-0.38,1.0,1,3,2.85,-0.38,2.47,-0.898,234.1,-0.971,-1.858,-0.863,796.4,-1.693,1027.1,3.025844134727061e-05,0.000625719250871,0.0005954608095238,7.388688787176416e-05,0.0005188094157955,0.7364008093029828,4.2,0.8,7.341,21.78,2.761,0.5746,3.84,16.98,2.85
Au1,Au,1,Full spectrum,-0.2,98.2679,10312.0121,1.971194,0.0807403751695141,-75.90949,7.829740150277189e-06,13217.6468,2905.6347000000005,0.7801700450945624,95.2853,3605.7197750000023,0.6350925549003162,2596.607603333334,-0.38,1.0,1,3,2.85,-0.38,2.47,-0.898,234.1,-0.971,-1.858,-0.863,796.4,-1.693,1027.1,3.025844134727061e-05,0.000625719250871,0.0005954608095238,7.388688787176416e-05,0.0005188094157955,0.7364008093029828,4.2,0.8,7.341,21.78,2.761,0.5746,3.84,16.98,2.85
C3N4,C3N4,ref,410 nm,-0.6,87.84541,881.75659,12.40079,0.0128342583893361,-58.64954,1.455533027469192e-05,2888.4995,2006.74291,0.3052645811432545,76.37809,-329.9675249999997,0.6637547285591036,1653.081046666667,-0.3,0.0,2,1,2.86,-0.3,2.56,-0.9,215.2,-0.21,-0.432,-0.001,0.6,-0.019,4.7,4.8715805878339135e-05,0.0008925609320557,0.0008438451261774,9.46160825368189e-05,0.0013427478845978,0.7769411074063264,0.0,0.0,6.895,20.52,0.0,1.0,3.54,15.9,2.86
C3N4,C3N4,ref,410 nm,-0.4,94.51933,5849.2866699999995,1.605308,0.0991429327530264,-71.11837,1.694957664863884e-05,6927.031,1077.7443300000004,0.8444146806907605,72.15367,-329.9675249999997,0.6637547285591036,1653.081046666667,-0.3,0.0,2,1,2.86,-0.3,2.56,-0.9,215.2,-0.21,-0.432,-0.001,0.6,-0.019,4.7,4.8715805878339135e-05,0.0008925609320557,0.0008438451261774,9.46160825368189e-05,0.0013427478845978,0.7769411074063264,0.0,0.0,6.895,20.52,0.0,1.0,3.54,15.9,2.86
C3N4,C3N4,ref,410 nm,-0.2,214.4421,9959.6979,1.605308,0.0991429327530264,-72.65855,9.954411644657058e-06,11834.4538,1874.7559,0.8415849238432955,-22.485900000000015,-329.9675249999997,0.6637547285591036,1653.081046666667,-0.3,0.0,2,1,2.86,-0.3,2.56,-0.9,215.2,-0.21,-0.432,-0.001,0.6,-0.019,4.7,4.8715805878339135e-05,0.0008925609320557,0.0008438451261774,9.46160825368189e-05,0.0013427478845978,0.7769411074063264,0.0,0.0,6.895,20.52,0.0,1.0,3.54,15.9,2.86
C3N4,C3N4,ref,440 nm,-0.6,77.18869,1280.25731,7.971939,0.0199643954992499,-65.6925,1.559404921441142e-05,2888.4995,1608.24219,0.4432257336378282,87.03481000000001,-5235.6817249999995,0.8159114678836475,458.48899999999986,-0.3,0.0,2,2,2.86,-0.3,2.56,-0.9,455.5,-1.139,-2.303,-0.93,446.5,-1.89,457.7,6.69606112659698e-05,0.00071397558072,0.0006470149694541,5.965054605292918e-05,0.0011640096268292,1.2272077356476592,0.0,0.0,6.895,20.52,0.0,1.0,3.54,15.9,2.86
C3N4,C3N4,ref,440 nm,-0.4,88.29431,6673.7756899999995,1.001603,0.1589002260295699,-73.87843,2.380964440678856e-05,6927.031,253.2553100000005,0.963439558737358,78.37869,-5235.6817249999995,0.8159114678836475,458.48899999999986,-0.3,0.0,2,2,2.86,-0.3,2.56,-0.9,455.5,-1.139,-2.303,-0.93,446.5,-1.89,457.7,6.69606112659698e-05,0.00071397558072,0.0006470149694541,5.965054605292918e-05,0.0011640096268292,1.2272077356476592,0.0,0.0,6.895,20.52,0.0,1.0,3.54,15.9,2.86
C3N4,C3N4,ref,440 nm,-0.2,272.9957,12320.4843,1.605308,0.0991429327530264,-73.66863,8.04699964213472e-06,11834.4538,-486.0305000000008,1.0410691112757566,-81.0395,-5235.6817249999995,0.8159114678836475,458.48899999999986,-0.3,0.0,2,2,2.86,-0.3,2.56,-0.9,455.5,-1.139,-2.303,-0.93,446.5,-1.89,457.7,6.69606112659698e-05,0.00071397558072,0.0006470149694541,5.965054605292918e-05,0.0011640096268292,1.2272077356476592,0.0,0.0,6.895,20.52,0.0,1.0,3.54,15.9,2.86
C3N4,C3N4,ref,Dark,-0.6,164.2235,2888.4995,3.942389,0.0403701773447255,-61.58121,1.397617598504884e-05,0.0,0.0,0.0,0.0,0.0,0.0,0.0,-0.3,0.0,2,0,2.86,-0.3,2.56,-0.9,217.9,-0.208,-0.413,0.0,0.0,0.0,0.0,0.0,0.0,0.0,0.0,0.0,0.0,0.0,0.0,6.895,20.52,0.0,1.0,3.54,15.9,2.86
C3N4,C3N4,ref,Dark,-0.4,166.673,6927.031,1.001603,0.1589002260295699,-68.5473,2.293915330096977e-05,0.0,0.0,0.0,0.0,0.0,0.0,0.0,-0.3,0.0,2,0,2.86,-0.3,2.56,-0.9,217.9,-0.208,-0.413,0.0,0.0,0.0,0.0,0.0,0.0,0.0,0.0,0.0,0.0,0.0,0.0,6.895,20.52,0.0,1.0,3.54,15.9,2.86
C3N4,C3N4,ref,Dark,-0.2,191.9562,11834.4538,1.971194,0.0807403751695141,-73.07093,6.822484293234909e-06,0.0,0.0,0.0,0.0,0.0,0.0,0.0,-0.3,0.0,2,0,2.86,-0.3,2.56,-0.9,217.9,-0.208,-0.413,0.0,0.0,0.0,0.0,0.0,0.0,0.0,0.0,0.0,0.0,0.0,0.0,6.895,20.52,0.0,1.0,3.54,15.9,2.86
C3N4,C3N4,ref,Full spectrum,-0.6,91.25727,1005.65373,9.91015,0.0160597915361417,-57.54328,1.596950427076104e-05,2888.4995,1882.84577,0.3481578341973055,72.96623,7124.991824999995,0.5409875045834348,2956.29199,-0.3,0.0,2,3,2.86,-0.3,2.56,-0.898,194.3,-0.159,-0.231,0.049,-23.6,0.182,-44.0,1.225895295731707e-05,0.0007485806184668,0.0007363216655095,8.795899600896504e-05,0.0006072916422807,0.7178500671465362,0.0,0.0,6.895,20.52,0.0,1.0,3.54,15.9,2.86
C3N4,C3N4,ref,Full spectrum,-0.4,104.2487,4673.8432999999995,1.001603,0.1589002260295699,-68.30593,3.399776497204559e-05,6927.031,2253.1877000000004,0.6747253332632696,62.4243,7124.991824999995,0.5409875045834348,2956.29199,-0.3,0.0,2,3,2.86,-0.3,2.56,-0.898,194.3,-0.159,-0.231,0.049,-23.6,0.182,-44.0,1.225895295731707e-05,0.0007485806184668,0.0007363216655095,8.795899600896504e-05,0.0006072916422807,0.7178500671465362,0.0,0.0,6.895,20.52,0.0,1.0,3.54,15.9,2.86
C3N4,C3N4,ref,Full spectrum,-0.2,183.2487,7101.6113,3.16723,0.050250516410837,-71.21767,7.075931684804689e-06,11834.4538,4732.8425,0.600079346289729,8.707499999999982,7124.991824999995,0.5409875045834348,2956.29199,-0.3,0.0,2,3,2.86,-0.3,2.56,-0.898,194.3,-0.159,-0.231,0.049,-23.6,0.182,-44.0,1.225895295731707e-05,0.0007485806184668,0.0007363216655095,8.795899600896504e-05,0.0006072916422807,0.7178500671465362,0.0,0.0,6.895,20.52,0.0,1.0,3.54,15.9,2.86
