sample,metal,loading,condition,Vfb_V,loading_num,metal_num,condition_num,E_onset_V,|tafel|_mV_dec,J_m0p6,J_m0p7,ΔJ_m0p6,%enh_m0p6,ΔJ_m0p7,%enh_m0p7,CA_J_dark_mA,CA_J_photo_mA,CA_dJ_mean_mA,CA_dJ_std_mA,CA_spike_mA,CA_stability,Eg_eV,CB_V_vs_RHE,VB_V_vs_RHE,Rct_mean_3V,Rs_mean_3V,delta_Rct_mean_3V,Rct_ratio_mean_3V,Rs_ohm,Rct_ohm,peak_freq_Hz,tau_s,phase_min,Cdl_est_F,Rct_dark,delta_Rct,Rct_ratio,delta_Rs,dDeltaRct_dV,Rct_ratio_mean,delta_Rct_mean
Ag0.25,Ag,0.25,410 nm,-0.432,0.25,0,1,-0.9,224.4,-0.241,-0.506,-0.055,29.4,-0.19,60.1,-5.400448482868756e-06,0.0018718061991869,0.0018772066476698,4.507504512655881e-05,0.00326330759134,1.0677859876409694,2.88,-0.432,2.448,3698.3025666666667,312.3161,3085.6361,0.5888456218457484,311.1086,3290.4764,7.971939,0.0199643954992499,-48.14494,6.067326755253426e-06,7344.6986,4054.2222,0.4480070019483169,16.4658,11290.297749999998,0.5888456218457484,3085.6360999999997
Ag0.25,Ag,0.25,440 nm,-0.432,0.25,0,2,-0.9,319.4,-0.595,-1.28,-0.409,220.1,-0.964,305.0,8.005349043263646e-05,0.0012496959639953,,,,,2.88,-0.432,2.448,4207.540300000001,331.22436666666664,2576.3983666666663,0.6096121031728351,310.7896,3975.4534,4.970838,0.0320177288199485,-52.73233,8.053855899794609e-06,7344.6986,3369.2451999999994,0.5412684191016361,16.78480000000002,8440.332249999996,0.6096121031728351,2576.3983666666663
Ag0.25,Ag,0.25,Dark,-0.432,0.25,0,0,-0.898,258.4,-0.186,-0.316,,,,,,,,,,,2.88,-0.432,2.448,6783.938666666666,253.08033333333333,,,327.5744,7344.6986,1.001603,0.1589002260295699,-64.62217,2.1634683011984993e-05,,,,,,,
Ag0.25,Ag,0.25,Full spectrum,-0.432,0.25,0,3,-0.898,191.5,-0.215,-0.361,-0.029,15.7,-0.045,14.4,2.4028353687572585e-05,0.0006690472706155,0.0006450189169279,6.029732122504603e-05,0.0003809084975029,0.7671218834441763,2.88,-0.432,2.448,5986.322499999999,279.32283333333334,797.6161666666668,0.8358589820551225,355.3588,5789.6322,4.970838,0.0320177288199485,-58.25323,5.5301835615651954e-06,7344.6986,1555.0663999999997,0.7882736263677315,-27.78439999999995,582.9722500000022,0.8358589820551225,797.6161666666668
Ag0.5,Ag,0.5,410 nm,-0.856,0.5,0,1,-0.9,351.7,-0.676,-1.416,-0.36,113.9,-0.818,136.6,-2.3202016464866433e-05,0.0025389232433217,0.0025621252597865,0.0001460495479636,0.0026840651117029,0.8652467871606913,2.88,-0.856,2.024,3591.6291,313.48656666666665,3200.4796666666675,0.5022440662135165,305.4792,3100.2978000000003,7.971939,0.0199643954992499,-47.80696,6.439508972089704e-06,5442.0937,2341.7959,0.569688427084598,419.9501,11839.609749999998,0.5022440662135165,3200.4796666666675
Ag0.5,Ag,0.5,440 nm,-0.856,0.5,0,2,-0.9,288.4,-0.601,-1.183,-0.285,90.0,-0.585,97.7,3.535536963704994e-05,0.0025163137921022,0.0024809584224651,0.0002742194737846,0.0027812553446486,0.7374417919093662,2.88,-0.856,2.024,3220.3437,477.9739666666667,3571.765066666667,0.5009729023171725,472.1779,2968.3131,9.91015,0.0160597915361417,-41.32473,5.4104102212606105e-06,5442.0937,2473.7806000000005,0.5454358678168293,253.2514,15528.190999999995,0.5009729023171726,3571.765066666667
Ag0.5,Ag,0.5,Dark,-0.856,0.5,0,0,-0.9,290.5,-0.316,-0.599,,,,,,,,,,,2.88,-0.856,2.024,6792.108766666667,616.6615666666667,,,725.4293,5442.0937,4.970838,0.0320177288199485,-45.36047,5.88334758366041e-06,,,,,,,
Ag0.5,Ag,0.5,Full spectrum,-0.856,0.5,0,3,-0.898,253.1,-0.481,-0.859,-0.165,52.0,-0.261,43.5,1.6213987494192796e-05,0.0006716013066202,0.000655387319126,8.152146962608176e-05,0.0005333425601248,0.6677807386258088,2.88,-0.856,2.024,4050.941166666666,224.59816666666666,2741.1676000000007,0.6337343689115951,223.3213,4089.5797,1.001603,0.1589002260295699,-54.75223,3.8854903849794134e-05,5442.0937,1352.5140000000006,0.7514717543360195,502.108,13185.949999999995,0.6337343689115951,2741.1676000000007
Ag1,Ag,1,410 nm,-0.622,1.0,0,1,-0.9,429.8,-0.983,-2.123,-0.688,233.8,-1.562,278.7,4.6231039821428576e-05,0.0011373547909407,0.0010911237511193,0.0001295265120169,0.0010125308649404,0.8569164617223862,2.84,-0.622,2.218,3707.3432000000007,275.7991333333334,1238.8419333333334,0.7766962275943573,262.2505,3359.4694999999997,6.351626,0.0250573543045348,-51.71867,7.458723558744864e-06,5055.4205,1695.9510000000005,0.6645282029457291,-1.6299999999999957,4424.393999999998,0.7766962275943573,1238.8419333333334
Ag1,Ag,1,440 nm,-0.622,1.0,0,2,-0.9,284.5,-0.504,-1.086,-0.209,71.1,-0.526,93.8,6.984343924216028e-05,0.0010978746660859,0.0010280312268437,0.0001946630169385,0.0010050541798054,0.6082106102535394,2.84,-0.622,2.218,4675.535,376.93966666666665,270.65013333333354,0.9031061680323486,371.169,4431.795,3.16723,0.050250516410837,-51.43433,1.133863737172794e-05,5055.4205,623.6255000000001,0.8766422100792605,-110.5485,-420.9192499999987,0.9031061680323486,270.65013333333354
Ag1,Ag,1,Dark,-0.622,1.0,0,0,-0.9,311.4,-0.294,-0.561,,,,,,,,,,,2.84,-0.622,2.218,4946.185133333333,259.75353333333334,,,260.6205,5055.4205,1.605308,0.0991429327530264,-56.02743,1.9611213894675313e-05,,,,,,,
Ag1,Ag,1,Full spectrum,-0.622,1.0,0,3,-0.898,318.4,-0.518,-1.086,-0.223,75.7,-0.525,93.6,0.0001409318060394,0.0006835655052264,0.0005426336991869,0.0001182194478917,0.0005059824796747,0.5384228274381018,2.84,-0.622,2.218,3020.780533333333,247.7064,1925.4046,0.5688337788910541,242.9784,2063.5426,9.91015,0.0160597915361417,-48.29269,7.782631449499403e-06,5055.4205,2991.8779,0.4081841658868931,17.6421,4622.85275,0.5688337788910541,1925.4046
Au0.25,Au,0.25,410 nm,-1.06,0.25,1,1,-0.9,231.6,-0.286,-0.605,0.047,-14.0,0.045,-7.0,0.0002178238280473,0.0071843340592334,0.0069665102311861,0.0006363086833024,0.0051640392671907,1.2029098586774294,2.86,-1.06,1.7999999999999998,5416.347763333334,93.42843666666666,845.8397233333332,0.7142122606492555,88.92297,5441.18203,1.260081,0.1263053272701479,-69.78014,2.321284724050079e-05,6270.572,829.3899700000002,0.867732964393041,7.572029999999998,-5496.514499999997,0.7142122606492555,845.8397233333332
Au0.25,Au,0.25,440 nm,-1.06,0.25,1,2,-0.9,337.6,-1.253,-2.491,-0.92,276.8,-1.841,283.3,0.0005461395147938,0.0035440683943089,,,,,2.86,-1.06,1.7999999999999998,5244.036653333334,105.53728000000001,1018.1508333333335,0.7019985538088376,81.42747,4728.16853,1.260081,0.1263053272701479,-69.67497,2.6713372518079e-05,6270.572,1542.4034700000002,0.7540250761812479,15.067530000000003,-4974.555574999997,0.7019985538088376,1018.1508333333336
Au0.25,Au,0.25,Dark,-1.06,0.25,1,0,-0.9,296.0,-0.332,-0.65,,,,,,,,,,,2.86,-1.06,1.7999999999999998,6262.187486666667,102.32018000000001,,,96.495,6270.572,1.001603,0.1589002260295699,-70.19409,2.5340626984200152e-05,,,,,,,
Au0.25,Au,0.25,Full spectrum,-1.06,0.25,1,3,-0.898,337.1,-0.577,-1.166,-0.244,73.5,-0.516,79.4,5.7460520325203234e-05,0.0005890831300813,0.000531622609756,3.7203049536261414e-05,0.0004248918606271,1.1024651089234176,2.86,-1.06,1.7999999999999998,4468.980500000001,135.65916666666666,1793.2069866666668,0.6272034315707801,125.1805,4172.353499999999,3.942389,0.0403701773447255,-65.26286,9.67563686651325e-06,6270.572,2098.218500000001,0.6653864272669222,-28.68549999999999,204.70584999999795,0.6272034315707801,1793.2069866666668
Au0.5,Au,0.5,410 nm,-0.931,0.5,1,1,-0.9,230.2,-0.247,-0.548,0.011,-4.3,-0.036,7.0,1.1397254079558651e-05,0.0031838761324041,0.0031724788783246,0.0002613846986204,0.0033878646506823,0.7986897889648057,2.85,-0.931,1.919,5116.59445,141.94674999999998,-2237.2811599999995,1.5224184196945296,92.93806,5120.53994,3.942389,0.0403701773447255,-69.35117,7.883968842693098e-06,2834.41227,-2286.12767,1.8065614498627611,0.2876700000000056,-15144.090974999992,1.5224184196945296,-2237.2811599999995
Au0.5,Au,0.5,440 nm,-0.931,0.5,1,2,-0.898,288.6,-0.887,-1.726,-0.629,244.3,-1.214,236.8,0.0004178084344298,0.0024961946718931,0.0020783862374632,0.0009159817028642,0.0026051719227129,1.0792395018561851,2.85,-0.931,1.919,2855.732566666666,68.31103333333333,23.580723333333935,0.8118597312377068,61.28072,2780.5842799999996,3.16723,0.050250516410837,-66.95554,1.8071927102614937e-05,2834.41227,53.82799000000023,0.9810091176327004,31.945009999999996,-7271.807799999992,0.8118597312377069,23.580723333333935
Au0.5,Au,0.5,Dark,-0.931,0.5,1,0,-0.898,283.9,-0.258,-0.513,,,,,,,,,,,2.85,-0.931,1.919,2879.31329,106.11104333333333,,,93.22573,2834.41227,7.971939,0.0199643954992499,-65.36874,7.0435750333701375e-06,,,,,,,
Au0.5,Au,0.5,Full spectrum,-0.931,0.5,1,3,-0.898,279.0,-0.529,-1.012,-0.272,105.5,-0.499,97.3,7.593749060685248e-07,0.0007491587253193,0.0007483993504133,5.802811253788368e-05,0.0006335668155701,0.7972403213235896,2.85,-0.931,1.919,5697.8599,132.60143333333335,-2818.54661,1.792074328761337,119.4148,5363.015200000001,1.001603,0.1589002260295699,-69.57124,2.962889719752611e-05,2834.41227,-2528.602930000001,1.892108377021668,-26.18907,-13994.00574999999,1.792074328761337,-2818.54661
Au1,Au,1,410 nm,-0.38,1.0,1,1,-0.9,421.7,-0.982,-2.098,-0.874,806.6,-1.933,1172.6,7.521280328106853e-05,0.0027643023519163,0.0026890895486353,9.632335765130808e-05,0.0023039348157665,0.9973038716501929,2.85,-0.38,2.47,4840.151296666667,103.04010333333333,3301.282336666667,0.49415065166426597,87.82856,4674.57744,2.485419,0.064035457639897,-68.89091,1.3698662277353796e-05,7891.4577,3216.88026,0.5923591835257509,49.77774000000001,3353.794124999999,0.4941506516642659,3301.282336666667
Au1,Au,1,440 nm,-0.38,1.0,1,2,-0.898,234.3,-0.585,-1.311,-0.477,440.4,-1.146,695.1,4.9008084291521485e-05,0.0023767402729384,0.0023277321886469,6.045234532023317e-05,0.0026144294157084,1.0328862803907657,2.85,-0.38,2.47,2928.18282,60.11938,5213.250813333333,0.27036226358429843,57.50555,1987.11845,7.971939,0.0199643954992499,-64.10339,1.0046907621058007e-05,7891.4577,5904.33925,0.2518062600779067,80.10075,8758.441475000003,0.2703622635842985,5213.250813333333
Au1,Au,1,Dark,-0.38,1.0,1,0,-0.9,213.9,-0.108,-0.165,,,,,,,,,,,2.85,-0.38,2.47,8141.433633333334,153.1137,,,137.6063,7891.4577,1.605308,0.0991429327530264,-70.84399,1.2563323092136253e-05,,,,,,,
Au1,Au,1,Full spectrum,-0.38,1.0,1,3,-0.898,234.1,-0.971,-1.858,-0.863,796.4,-1.693,1027.1,3.025844134727061e-05,0.000625719250871,0.0005954608095238,7.388688787176416e-05,0.0005188094157955,0.7364008093029828,2.85,-0.38,2.47,5544.82603,90.09997,2596.6076033333334,0.6350925549003164,87.28162,4470.61638,3.942389,0.0403701773447255,-69.86617,9.030114398839468e-06,7891.4577,3420.8413199999995,0.5665133806647662,50.32468,3605.7197750000023,0.6350925549003162,2596.607603333334
C3N4,C3N4,ref,410 nm,-0.3,0.0,2,1,-0.9,215.2,-0.21,-0.432,-0.001,0.6,-0.019,4.7,4.8715805878339135e-05,0.0008925609320557,0.0008438451261774,9.46160825368189e-05,0.0013427478845978,0.7769411074063264,2.86,-0.3,2.56,5563.580386666666,132.26894666666666,1653.081046666667,0.6637547285591036,94.51933,5849.2866699999995,1.605308,0.0991429327530264,-71.11837,1.694957664863884e-05,6927.031,1077.7443300000004,0.8444146806907605,72.15367,-329.9675249999997,0.6637547285591036,1653.081046666667
C3N4,C3N4,ref,440 nm,-0.3,0.0,2,2,-0.9,455.5,-1.139,-2.303,-0.93,446.5,-1.89,457.7,6.69606112659698e-05,0.00071397558072,0.0006470149694541,5.965054605292918e-05,0.0011640096268292,1.2272077356476592,2.86,-0.3,2.56,6758.172433333333,146.15956666666668,458.48899999999986,0.8159114678836477,88.29431,6673.7756899999995,1.001603,0.1589002260295699,-73.87843,2.380964440678856e-05,6927.031,253.2553100000005,0.963439558737358,78.37869,-5235.6817249999995,0.8159114678836475,458.48899999999986
C3N4,C3N4,ref,Dark,-0.3,0.0,2,0,-0.9,217.9,-0.208,-0.413,,,,,,,,,,,2.86,-0.3,2.56,7216.661433333334,174.28423333333333,,,166.673,6927.031,1.001603,0.1589002260295699,-68.5473,2.293915330096977e-05,,,,,,,
C3N4,C3N4,ref,Full spectrum,-0.3,0.0,2,3,-0.898,194.3,-0.159,-0.231,0.049,-23.6,0.182,-44.0,1.225895295731707e-05,0.0007485806184668,0.0007363216655095,8.795899600896504e-05,0.0006072916422807,0.7178500671465362,2.86,-0.3,2.56,4260.369443333333,126.25155666666667,2956.29199,0.5409875045834347,104.2487,4673.8432999999995,1.001603,0.1589002260295699,-68.30593,3.399776497204559e-05,6927.031,2253.1877000000004,0.6747253332632696,62.4243,7124.991824999995,0.5409875045834348,2956.29199
