sample,voltage,Rs_ohm,Rct_ohm,tau_s,phase_min,Cdl_est_F
Ag0.25,-1.6,104.8498,1286.3142,0.010219869216186,-59.7944,7.945079993819615e-06
Ag0.25,-1.4,327.5744,7344.6986,0.1589002260295699,-64.62217,2.1634683011984993e-05
Ag0.25,-1.2,326.8168,11720.8032,0.1263053272701479,-71.76524,1.0776166540373956e-05
Ag0.5,-1.6,589.8148,2121.3632,0.0160597915361417,-38.44868,7.570505388300207e-06
Ag0.5,-1.4,725.4293,5442.0937,0.0320177288199485,-45.36047,5.88334758366041e-06
Ag0.5,-1.2,534.7406,12812.8694,0.0991429327530264,-66.55429,7.737761906246107e-06
Ag1,-1.6,261.8728,1073.2242,0.010219869216186,-40.3614,9.522585510265314e-06
Ag1,-1.4,260.6205,5055.4205,0.0991429327530264,-56.02743,1.9611213894675313e-05
Ag1,-1.2,256.7673,8709.9107,0.1589002260295699,-66.30267,1.824361138737851e-05
Au0.25,-1.6,92.97154,2605.04446,0.0250573543045348,-64.46053,9.61878182475812e-06
Au0.25,-1.4,96.495,6270.572,0.1589002260295699,-70.19409,2.5340626984200152e-05
Au0.25,-1.2,117.494,9910.946,0.064035457639897,-74.00761,6.461084304151902e-06
Au0.5,-1.6,90.6476,1638.8114,0.0128342583893361,-60.20422,7.831443196780367e-06
Au0.5,-1.4,93.22573,2834.41227,0.0199643954992499,-65.36874,7.0435750333701375e-06
Au0.5,-1.2,134.4598,4164.716200000001,0.0199643954992499,-68.17011,4.793698907803123e-06
Au1,-1.6,128.1816,3315.1964000000003,0.0320177288199485,-65.27749,9.657867877736756e-06
Au1,-1.4,137.6063,7891.4577,0.0991429327530264,-70.84399,1.2563323092136253e-05
Au1,-1.2,193.5532,13217.6468,0.0991429327530264,-73.76424,7.500800577681228e-06
C3N4,-1.6,164.2235,2888.4995,0.0403701773447255,-61.58121,1.397617598504884e-05
C3N4,-1.4,166.673,6927.031,0.1589002260295699,-68.5473,2.293915330096977e-05
C3N4,-1.2,191.9562,11834.4538,0.0807403751695141,-73.07093,6.822484293234909e-06
